,correctness,context,answers_choice,thinkings_choices,facts_choices
0,0.7509331107139587,0.7525416612625122,unique,not_include,unique
1,0.9001656770706177,0.8042364120483398,unique,not_include,unique
2,0.9407100677490234,0.8245246410369873,unique,not_include,unique
3,0.7865804433822632,0.7914676070213318,unique,not_include,unique
4,0.8025478720664978,0.7723956108093262,unique,not_include,unique
5,0.7873519659042358,0.8025716543197632,unique,not_include,unique
6,0.9063974022865295,0.7903467416763306,unique,not_include,unique
7,0.7783993482589722,0.7888349294662476,unique,not_include,unique
8,0.7935172915458679,0.8029135465621948,unique,not_include,unique
9,0.9226880073547363,0.7953072786331177,unique,not_include,unique
10,0.930528998374939,0.7878690958023071,unique,not_include,unique
11,0.8788006901741028,0.8149071931838989,unique,not_include,unique
12,0.8994442224502563,0.7787637710571289,unique,not_include,unique
13,0.8794005513191223,0.8105382919311523,unique,not_include,unique
14,0.8947021961212158,0.8123395442962646,unique,not_include,unique
15,0.9297914505004883,0.7691190242767334,unique,not_include,unique
16,0.9450724124908447,0.8443596363067627,unique,not_include,unique
17,0.7645512819290161,0.7988400459289551,unique,not_include,unique
18,0.7704522609710693,0.7816311717033386,unique,not_include,unique
19,0.965665340423584,0.8557784557342529,unique,not_include,unique
20,0.7706176042556763,0.7751786708831787,unique,not_include,unique
21,0.8580472469329834,0.775769829750061,unique,not_include,unique
22,0.9046353697776794,0.8522200584411621,unique,not_include,unique
23,0.736498236656189,0.7566955089569092,unique,not_include,unique
24,0.7958645820617676,0.8042010068893433,unique,not_include,unique
25,0.7754756212234497,0.7983694672584534,unique,not_include,unique
26,0.7788773775100708,0.7743833065032959,unique,not_include,unique
27,0.8012012839317322,0.8002291917800903,unique,not_include,unique
28,0.8944413661956787,0.7755947709083557,unique,not_include,unique
29,0.8858079314231873,0.7877916097640991,unique,not_include,unique
30,0.7580299973487854,0.7814802527427673,unique,not_include,unique
31,0.9446929693222046,0.7693692445755005,unique,not_include,unique
32,0.9192766547203064,0.7979621887207031,unique,not_include,unique
33,0.9276436567306519,0.7953072786331177,unique,not_include,unique
34,0.7729581594467163,0.8133047819137573,unique,not_include,unique
35,0.7831923961639404,0.7987548112869263,unique,not_include,unique
36,0.8943451642990112,0.8068346977233887,unique,not_include,unique
37,0.8655086755752563,0.8258222341537476,unique,not_include,unique
38,0.9923401474952698,0.8053854703903198,unique,not_include,unique
39,0.7869737148284912,0.7967822551727295,unique,not_include,unique
40,0.7602202892303467,0.8059285879135132,unique,not_include,unique
41,0.7604373097419739,0.7697863578796387,unique,not_include,unique
42,0.8499097228050232,0.8006641864776611,unique,not_include,unique
43,0.7957040071487427,0.8131434917449951,unique,not_include,unique
44,0.8948847055435181,0.7893663644790649,unique,not_include,unique
45,0.8411809206008911,0.7691729068756104,unique,not_include,unique
46,0.8743722438812256,0.7664534449577332,unique,not_include,unique
47,0.7939349412918091,0.7886652946472168,unique,not_include,unique
48,0.7702467441558838,0.7664628028869629,unique,not_include,unique
49,0.7474653720855713,0.7693825960159302,unique,not_include,unique
50,0.775740385055542,0.7968603372573853,unique,not_include,unique
51,0.9115653038024902,0.8281298279762268,unique,not_include,unique
52,0.8939573764801025,0.7984368205070496,unique,not_include,unique
53,0.8544623851776123,0.8027472496032715,unique,not_include,unique
54,0.8247272372245789,0.7953466773033142,unique,not_include,unique
55,0.8481165170669556,0.7946887612342834,unique,not_include,unique
56,0.8512111306190491,0.768139123916626,unique,not_include,unique
57,0.7362573146820068,0.7962671518325806,unique,not_include,unique
58,0.7616599798202515,0.7813475131988525,unique,not_include,unique
59,0.8374596834182739,0.7715237140655518,unique,not_include,unique
60,0.8805301189422607,0.7794156074523926,unique,not_include,unique
61,0.7755293846130371,0.7816280722618103,unique,not_include,unique
62,0.943947434425354,0.7660613059997559,unique,not_include,unique
63,0.8480829000473022,0.7973141670227051,unique,not_include,unique
64,0.7753092050552368,0.7817471027374268,unique,not_include,unique
65,0.7962768077850342,0.7908167243003845,unique,not_include,unique
66,0.7808164358139038,0.7598013281822205,unique,not_include,unique
67,0.7748507261276245,0.7881228923797607,unique,not_include,unique
68,0.7708840370178223,0.78409743309021,unique,not_include,unique
69,0.9435272812843323,0.869962215423584,unique,not_include,unique
70,0.9291789531707764,0.8504594564437866,unique,not_include,unique
71,0.875091552734375,0.799318253993988,unique,not_include,unique
72,0.9081218242645264,0.8319071531295776,unique,not_include,unique
73,0.9201093912124634,0.7432646155357361,unique,not_include,unique
74,0.7979517579078674,0.803523063659668,unique,not_include,unique
75,0.7422325611114502,0.7496282458305359,unique,not_include,unique
76,0.7897821068763733,0.7482128739356995,unique,not_include,unique
77,0.8786219358444214,0.7948528528213501,unique,not_include,unique
78,0.8956400156021118,0.7864298224449158,unique,not_include,unique
79,0.9240702986717224,0.788578450679779,unique,not_include,unique
80,0.9440310597419739,0.8004920482635498,unique,not_include,unique
81,0.7729583978652954,0.8155350685119629,unique,not_include,unique
82,0.8712834119796753,0.8310747146606445,unique,not_include,unique
83,0.9256417751312256,0.8030007481575012,unique,not_include,unique
84,0.8992383480072021,0.8236963748931885,unique,not_include,unique
85,0.7717597484588623,0.7481354475021362,unique,not_include,unique
86,0.759964644908905,0.7589724659919739,unique,not_include,unique
87,0.7923091053962708,0.7738721370697021,unique,not_include,unique
88,0.8868298530578613,0.7989662885665894,unique,not_include,unique
89,0.7413604259490967,0.7984679937362671,unique,not_include,unique
90,0.8974248766899109,0.7496681809425354,unique,not_include,unique
91,0.9473600387573242,0.7921979427337646,unique,not_include,unique
92,0.8855953216552734,0.8023164868354797,unique,not_include,unique
93,0.7551847696304321,0.7137881517410278,unique,not_include,unique
94,0.9373078942298889,0.8383088111877441,unique,not_include,unique
95,0.9169712066650391,0.8032912015914917,unique,not_include,unique
96,0.781729519367218,0.7971718311309814,unique,not_include,unique
97,0.8984652161598206,0.8112897872924805,unique,not_include,unique
98,0.8605117201805115,0.7915971279144287,unique,not_include,unique
99,0.8717269897460938,0.8274105787277222,unique,not_include,unique
100,0.9344965219497681,0.8140770196914673,unique,not_include,unique
101,0.8946033716201782,0.7918380498886108,unique,not_include,unique
102,0.934870719909668,0.7954944372177124,unique,not_include,unique
103,0.8983480930328369,0.8216595649719238,unique,not_include,unique
104,0.7966975569725037,0.8019899725914001,unique,not_include,unique
105,0.921408474445343,0.7430694103240967,unique,not_include,unique
106,0.782804012298584,0.7571792006492615,unique,not_include,unique
107,0.8534324765205383,0.8025941848754883,unique,not_include,unique
108,0.9541299939155579,0.7912470102310181,unique,not_include,unique
109,0.8828252553939819,0.7767376899719238,unique,not_include,unique
110,0.9237934350967407,0.8188863396644592,unique,not_include,unique
111,0.9299138784408569,0.798966109752655,unique,not_include,unique
112,0.9119312167167664,0.7870603203773499,unique,not_include,unique
113,0.7729263305664062,0.7457139492034912,unique,not_include,unique
114,0.9285404682159424,0.794381856918335,unique,not_include,unique
115,0.9743863344192505,0.7575739622116089,unique,not_include,unique
116,0.907341718673706,0.7776143550872803,unique,not_include,unique
117,0.9279558658599854,0.8488929867744446,unique,not_include,unique
118,0.9218679666519165,0.7977887392044067,unique,not_include,unique
119,0.9085622429847717,0.7782011032104492,unique,not_include,unique
120,0.7539843916893005,0.7386428713798523,unique,not_include,unique
121,0.9013429880142212,0.7947026491165161,unique,not_include,unique
122,0.9163941144943237,0.8117924928665161,unique,not_include,unique
123,0.778776228427887,0.7624101638793945,unique,not_include,unique
124,0.9348760843276978,0.7939292192459106,unique,not_include,unique
125,0.8812761306762695,0.8030125498771667,unique,not_include,unique
126,0.9068787693977356,0.7848523855209351,unique,not_include,unique
127,0.7854621410369873,0.7912425994873047,unique,not_include,unique
128,0.8383560180664062,0.7794965505599976,unique,not_include,unique
129,0.8450523018836975,0.7559057474136353,unique,not_include,unique
130,0.8976327180862427,0.8189632892608643,unique,not_include,unique
131,0.9143004417419434,0.7942221164703369,unique,not_include,unique
132,0.9731208682060242,0.8413983583450317,unique,not_include,unique
133,0.9048540592193604,0.790056586265564,unique,not_include,unique
134,0.9053242206573486,0.8508620262145996,unique,not_include,unique
135,0.9100207686424255,0.808375358581543,unique,not_include,unique
136,0.9364306926727295,0.7689779996871948,unique,not_include,unique
137,0.7516485452651978,0.7598657608032227,unique,not_include,unique
138,0.8780044317245483,0.7568531036376953,unique,not_include,unique
139,0.7818681001663208,0.7913805246353149,unique,not_include,unique
140,0.9301674962043762,0.7651412487030029,unique,not_include,unique
141,0.7862563133239746,0.8000077605247498,unique,not_include,unique
142,0.9516617059707642,0.8385848999023438,unique,not_include,unique
143,0.763737142086029,0.7778982520103455,unique,not_include,unique
144,0.9094825983047485,0.7946906089782715,unique,not_include,unique
145,0.9833076596260071,0.7940534353256226,unique,not_include,unique
146,0.9455528259277344,0.769650936126709,unique,not_include,unique
147,0.7980732917785645,0.7909620404243469,unique,not_include,unique
148,0.9378042221069336,0.794111430644989,unique,not_include,unique
149,0.7875007390975952,0.7859278917312622,unique,not_include,unique
150,0.9439074993133545,0.7823026180267334,unique,not_include,unique
151,0.9326756596565247,0.7708516716957092,unique,not_include,unique
152,0.9371798038482666,0.8150600790977478,unique,not_include,unique
153,0.8687978982925415,0.7897312641143799,unique,not_include,unique
154,0.8531123995780945,0.8104287385940552,unique,not_include,unique
155,0.9157646894454956,0.7764307260513306,unique,not_include,unique
156,0.9183894991874695,0.7862924337387085,unique,not_include,unique
157,0.9194487929344177,0.7630378007888794,unique,not_include,unique
158,0.9651567935943604,0.7684403657913208,unique,not_include,unique
159,0.9453087449073792,0.7589716911315918,unique,not_include,unique
160,0.9355403184890747,0.793429970741272,unique,not_include,unique
161,0.9949555993080139,0.8166224360466003,unique,not_include,unique
162,0.9569511413574219,0.8702661395072937,unique,not_include,unique
163,0.9138449430465698,0.8643726706504822,unique,not_include,unique
164,0.9327902793884277,0.8382464647293091,unique,not_include,unique
165,0.7808449268341064,0.7577352523803711,unique,not_include,unique
166,0.8023449182510376,0.8259406089782715,unique,not_include,unique
167,0.8847135305404663,0.8247712850570679,unique,not_include,unique
168,0.831122875213623,0.8331408500671387,unique,not_include,unique
169,0.8309440612792969,0.8332580327987671,unique,not_include,unique
170,0.8363938331604004,0.8141593933105469,unique,not_include,unique
171,0.8142049908638,0.8054827451705933,unique,not_include,unique
172,0.87022864818573,0.8650384545326233,unique,not_include,unique
173,0.8902305364608765,0.8131942749023438,unique,not_include,unique
174,0.8759123086929321,0.7868396043777466,unique,not_include,unique
175,0.846657395362854,0.8506559133529663,unique,not_include,unique
176,0.8420125842094421,0.8505608439445496,unique,not_include,unique
177,0.9181615710258484,0.8353351950645447,unique,not_include,unique
178,0.8329240083694458,0.7626839876174927,unique,not_include,unique
179,0.9114097356796265,0.8277987241744995,unique,not_include,unique
180,0.8086233139038086,0.7927035093307495,unique,not_include,unique
181,0.8071318864822388,0.8342158794403076,unique,not_include,unique
182,0.8115167021751404,0.735893726348877,unique,not_include,unique
183,0.7823492288589478,0.8249188661575317,unique,not_include,unique
184,0.7818084955215454,0.7991421222686768,unique,not_include,unique
185,0.7958530783653259,0.8389221429824829,unique,not_include,unique
186,0.8794857859611511,0.8146937489509583,unique,not_include,unique
187,0.9606896638870239,0.8291019797325134,unique,not_include,unique
188,0.854574978351593,0.7600479125976562,unique,not_include,unique
189,0.7644494771957397,0.7762724757194519,unique,not_include,unique
190,0.8513792157173157,0.7974382638931274,unique,not_include,unique
191,0.7797912359237671,0.8064221739768982,unique,not_include,unique
192,0.9281837940216064,0.8607789874076843,unique,not_include,unique
193,0.8233109712600708,0.8490198850631714,unique,not_include,unique
194,0.9206844568252563,0.8452713489532471,unique,not_include,unique
195,0.9356786012649536,0.8452887535095215,unique,not_include,unique
196,0.912661612033844,0.8121162056922913,unique,not_include,unique
197,0.9045887589454651,0.8428857326507568,unique,not_include,unique
198,0.8141279220581055,0.8080719709396362,unique,not_include,unique
199,0.9246487617492676,0.795183002948761,unique,not_include,unique
200,0.9631122350692749,0.7917613983154297,unique,not_include,unique
201,0.8673499822616577,0.764205276966095,unique,not_include,unique
202,0.9010469913482666,0.8004138469696045,unique,not_include,unique
203,0.9092867374420166,0.800687313079834,unique,not_include,unique
204,0.9066963195800781,0.8214116096496582,unique,not_include,unique
205,0.9238103628158569,0.8226443529129028,unique,not_include,unique
206,0.9468894004821777,0.837541937828064,unique,not_include,unique
207,0.9443063139915466,0.8195855617523193,unique,not_include,unique
208,0.8871727585792542,0.8340481519699097,unique,not_include,unique
209,0.8729628324508667,0.8392269611358643,unique,not_include,unique
210,0.9358965158462524,0.841150164604187,unique,not_include,unique
211,0.8220833539962769,0.8292090892791748,unique,not_include,unique
212,0.7785475254058838,0.7464995384216309,unique,not_include,unique
213,0.8809260129928589,0.793306827545166,unique,not_include,unique
214,0.907856285572052,0.8294363021850586,unique,not_include,unique
215,0.933825671672821,0.8197005987167358,unique,not_include,unique
216,0.8879181742668152,0.8459678888320923,unique,not_include,unique
217,0.8449454307556152,0.815765917301178,unique,not_include,unique
218,0.9108285903930664,0.809992790222168,unique,not_include,unique
219,0.8758543729782104,0.8228353261947632,unique,not_include,unique
220,0.7750284075737,0.7969177961349487,unique,not_include,unique
221,0.738517165184021,0.7941176891326904,unique,not_include,unique
222,0.9364420175552368,0.8211029767990112,unique,not_include,unique
223,0.9000093936920166,0.8083553910255432,unique,not_include,unique
224,0.9102060794830322,0.8136110305786133,unique,not_include,unique
225,0.9141919016838074,0.8498899340629578,unique,not_include,unique
226,0.9547604322433472,0.7833837270736694,unique,not_include,unique
227,0.9253303408622742,0.7909966111183167,unique,not_include,unique
228,0.8577558994293213,0.8765851855278015,unique,not_include,unique
229,0.9019500017166138,0.8281319737434387,unique,not_include,unique
230,0.9006789326667786,0.8431810736656189,unique,not_include,unique
231,0.9028266668319702,0.858063817024231,unique,not_include,unique
232,0.9168730974197388,0.8371779918670654,unique,not_include,unique
233,0.9277493357658386,0.8370847702026367,unique,not_include,unique
234,0.8144589066505432,0.8457620143890381,unique,not_include,unique
235,0.9172415733337402,0.8240419626235962,unique,not_include,unique
236,0.8523596525192261,0.829444169998169,unique,not_include,unique
237,0.9349169135093689,0.8251419067382812,unique,not_include,unique
238,0.8353618383407593,0.8152238130569458,unique,not_include,unique
239,0.7561618089675903,0.8160551190376282,unique,not_include,unique
240,0.8363268971443176,0.8767588138580322,unique,not_include,unique
241,0.8617168664932251,0.822502851486206,unique,not_include,unique
242,0.8296310901641846,0.8661264181137085,unique,not_include,unique
243,0.8804951906204224,0.8574281930923462,unique,not_include,unique
244,0.8566295504570007,0.8395652174949646,unique,not_include,unique
245,0.8886369466781616,0.8368121981620789,unique,not_include,unique
246,0.9659717679023743,0.8419111967086792,unique,not_include,unique
247,0.9280734062194824,0.8307468891143799,unique,not_include,unique
248,0.850030779838562,0.845079243183136,unique,not_include,unique
249,0.9114022254943848,0.8186274766921997,unique,not_include,unique
250,0.9243297576904297,0.851855993270874,unique,not_include,unique
251,0.8728814721107483,0.8224800825119019,unique,not_include,unique
252,0.7221717834472656,0.8245633840560913,unique,not_include,unique
253,0.7632061243057251,0.7873809933662415,unique,not_include,unique
254,0.7987810969352722,0.8093811273574829,unique,not_include,unique
255,0.9164232015609741,0.7828600406646729,unique,not_include,unique
256,0.8679333329200745,0.828406572341919,unique,not_include,unique
257,0.9436832070350647,0.8111361265182495,unique,not_include,unique
258,0.9186098575592041,0.8181328177452087,unique,not_include,unique
259,0.927960991859436,0.7545394897460938,unique,not_include,unique
260,0.9031982421875,0.7703244090080261,unique,not_include,unique
261,0.8772544264793396,0.8182932734489441,unique,not_include,unique
262,0.9398629069328308,0.8177919387817383,unique,not_include,unique
263,0.8597633838653564,0.7601110339164734,unique,not_include,unique
264,0.8751844167709351,0.7493446469306946,unique,not_include,unique
265,0.729716420173645,0.7662352323532104,unique,not_include,unique
266,0.8661949634552002,0.8076006174087524,unique,not_include,unique
267,0.7374398708343506,0.7617000341415405,unique,not_include,unique
268,0.9016939997673035,0.8152922987937927,unique,not_include,unique
269,0.8942579627037048,0.8246911764144897,unique,not_include,unique
270,0.7969746589660645,0.7941210269927979,unique,not_include,unique
271,0.8895787000656128,0.8121538758277893,unique,not_include,unique
272,0.9218801259994507,0.8102283477783203,unique,not_include,unique
273,0.9535770416259766,0.8147820830345154,unique,not_include,unique
274,0.8991503119468689,0.8277696967124939,unique,not_include,unique
275,0.8862797021865845,0.7451637983322144,unique,not_include,unique
276,0.82591313123703,0.8255289196968079,unique,not_include,unique
277,0.9120491147041321,0.8317086696624756,unique,not_include,unique
278,0.9252362251281738,0.7834384441375732,unique,not_include,unique
279,0.9128060340881348,0.8267421126365662,unique,not_include,unique
280,0.8192284107208252,0.7911831140518188,unique,not_include,unique
281,0.8717496395111084,0.8064600229263306,unique,not_include,unique
282,0.8043675422668457,0.8166815042495728,unique,not_include,unique
283,0.9088273048400879,0.8096190690994263,unique,not_include,unique
284,0.8703992962837219,0.7763039469718933,unique,not_include,unique
285,0.9222571849822998,0.8289660811424255,unique,not_include,unique
286,0.8890985250473022,0.8090966939926147,unique,not_include,unique
287,0.9222127199172974,0.8856099843978882,unique,not_include,unique
288,0.9077896475791931,0.8640271425247192,unique,not_include,unique
289,0.9336328506469727,0.8406522274017334,unique,not_include,unique
290,0.9235068559646606,0.8110877871513367,unique,not_include,unique
291,0.9135580658912659,0.8152321577072144,unique,not_include,unique
292,0.8262975811958313,0.8221845626831055,unique,not_include,unique
293,0.8471957445144653,0.8346429467201233,unique,not_include,unique
294,0.9731838703155518,0.8208996057510376,unique,not_include,unique
295,0.8443845510482788,0.8112306594848633,unique,not_include,unique
296,0.8374196290969849,0.7866616249084473,unique,not_include,unique
297,0.9472770690917969,0.8256111741065979,unique,not_include,unique
298,0.7709681987762451,0.7927817702293396,unique,not_include,unique
299,0.8902568817138672,0.837873101234436,unique,not_include,unique
300,0.6924281716346741,0.8196659088134766,unique,not_include,unique
301,0.8888753652572632,0.8121174573898315,unique,not_include,unique
302,0.9528006315231323,0.8185038566589355,unique,not_include,unique
303,0.8922454118728638,0.8213329315185547,unique,not_include,unique
304,0.8862601518630981,0.8204174637794495,unique,not_include,unique
305,0.9510963559150696,0.8458688855171204,unique,not_include,unique
306,0.7932731509208679,0.8383259773254395,unique,not_include,unique
307,0.8349851369857788,0.7593064308166504,unique,not_include,unique
308,0.8775773048400879,0.8376756906509399,unique,not_include,unique
309,0.8288438320159912,0.7684469223022461,unique,not_include,unique
310,0.890119194984436,0.8348129987716675,unique,not_include,unique
311,0.9052509069442749,0.8139066696166992,unique,not_include,unique
312,0.9061005115509033,0.8287305235862732,unique,not_include,unique
313,0.8032201528549194,0.8534872531890869,unique,not_include,unique
314,0.9316898584365845,0.8285485506057739,unique,not_include,unique
315,0.8823127746582031,0.8030948638916016,unique,not_include,unique
316,0.8592805862426758,0.8124164342880249,unique,not_include,unique
317,0.8720782995223999,0.8415395021438599,unique,not_include,unique
318,0.9162561893463135,0.8098105192184448,unique,not_include,unique
319,0.9230629205703735,0.820496678352356,unique,not_include,unique
320,0.9131678342819214,0.8089136481285095,unique,not_include,unique
321,0.8142658472061157,0.833355188369751,unique,not_include,unique
322,0.8813950419425964,0.8453124761581421,unique,not_include,unique
323,0.9684543013572693,0.769200325012207,unique,not_include,unique
324,0.9436658024787903,0.7900124788284302,unique,not_include,unique
325,0.8522748947143555,0.802650511264801,unique,not_include,unique
326,0.814751386642456,0.8178747892379761,unique,not_include,unique
327,0.8711037039756775,0.8242278099060059,unique,not_include,unique
328,0.9807119369506836,0.8003156781196594,unique,not_include,unique
329,0.8554016351699829,0.7654891014099121,unique,not_include,unique
330,0.8898904323577881,0.8011006712913513,unique,not_include,unique
331,0.8602411150932312,0.7951957583427429,unique,not_include,unique
332,0.821509838104248,0.7891718149185181,unique,not_include,unique
333,0.8869999647140503,0.8029516935348511,unique,not_include,unique
334,0.9215978980064392,0.8118538856506348,unique,not_include,unique
335,0.8373658657073975,0.8059529066085815,unique,not_include,unique
336,0.9276965856552124,0.7823022603988647,unique,not_include,unique
337,0.9049795866012573,0.8193404674530029,unique,not_include,unique
338,0.883583664894104,0.834465742111206,unique,not_include,unique
339,0.9429535865783691,0.8319152593612671,unique,not_include,unique
340,0.8701835870742798,0.7859518527984619,unique,not_include,unique
341,0.801321268081665,0.8019354939460754,unique,not_include,unique
342,0.8903138041496277,0.820609450340271,unique,not_include,unique
343,0.9738753437995911,0.8149697780609131,unique,not_include,unique
344,0.9342445135116577,0.79831463098526,unique,not_include,unique
345,0.9392749667167664,0.7929277420043945,unique,not_include,unique
346,0.8999007344245911,0.8269443511962891,unique,not_include,unique
347,0.9130352139472961,0.7848539352416992,unique,not_include,unique
348,0.7857386469841003,0.8296076655387878,unique,not_include,unique
349,0.9157447814941406,0.8136298656463623,unique,not_include,unique
350,0.8564010262489319,0.797124445438385,unique,not_include,unique
351,0.9165657758712769,0.8248353600502014,unique,not_include,unique
352,0.9322837591171265,0.7426218390464783,unique,not_include,unique
353,0.8607364892959595,0.8308693170547485,unique,not_include,unique
354,0.911891758441925,0.7806299328804016,unique,not_include,unique
355,0.8663698434829712,0.8397585153579712,unique,not_include,unique
356,0.9295886754989624,0.8069543838500977,unique,not_include,unique
357,0.890845537185669,0.8185978531837463,unique,not_include,unique
358,0.8874433040618896,0.811574399471283,unique,not_include,unique
359,0.8947261571884155,0.792908787727356,unique,not_include,unique
360,0.930432140827179,0.750247597694397,unique,not_include,unique
361,0.7820848226547241,0.8320090174674988,unique,not_include,unique
362,0.9000324010848999,0.8369131088256836,unique,not_include,unique
363,0.8000333905220032,0.8334659337997437,unique,not_include,unique
364,0.8637174367904663,0.8270833492279053,unique,not_include,unique
365,0.8969713449478149,0.8400008678436279,unique,not_include,unique
366,0.9276811480522156,0.7916680574417114,unique,not_include,unique
367,0.8620859384536743,0.8125249147415161,unique,not_include,unique
368,0.9158580303192139,0.839362621307373,unique,not_include,unique
369,0.8604943156242371,0.7987596392631531,unique,not_include,unique
370,0.9124994874000549,0.8216951489448547,unique,not_include,unique
371,0.9645247459411621,0.7691647410392761,unique,not_include,unique
372,0.9119912981987,0.7985774278640747,unique,not_include,unique
373,0.8984474539756775,0.8049471974372864,unique,not_include,unique
374,0.9395588636398315,0.7688342332839966,unique,not_include,unique
375,0.8851525783538818,0.7851434946060181,unique,not_include,unique
376,0.7891727685928345,0.7949196696281433,unique,not_include,unique
377,0.7447985410690308,0.7785751819610596,unique,not_include,unique
378,0.8667887449264526,0.8222488760948181,unique,not_include,unique
379,0.8507490754127502,0.8263816237449646,unique,not_include,unique
380,0.9441630840301514,0.8101073503494263,unique,not_include,unique
381,0.9416383504867554,0.8158088326454163,unique,not_include,unique
382,0.9150078296661377,0.8201006650924683,unique,not_include,unique
383,0.8511690497398376,0.8434003591537476,unique,not_include,unique
384,0.9140899777412415,0.7339519262313843,unique,not_include,unique
385,0.9120984077453613,0.813313364982605,unique,not_include,unique
386,0.8825780153274536,0.796994686126709,unique,not_include,unique
387,0.77794349193573,0.7951910495758057,unique,not_include,unique
388,0.8183482885360718,0.7963115572929382,unique,not_include,unique
389,0.8755495548248291,0.7986586093902588,unique,not_include,unique
390,0.9225031137466431,0.7826462388038635,unique,not_include,unique
391,0.9011623859405518,0.7880295515060425,unique,not_include,unique
392,0.80356365442276,0.7919129133224487,unique,not_include,unique
393,0.7654808759689331,0.8195904493331909,unique,not_include,unique
394,0.842437744140625,0.8223720192909241,unique,not_include,unique
395,0.843697190284729,0.8136526942253113,unique,not_include,unique
396,0.9184062480926514,0.7950313687324524,unique,not_include,unique
397,0.9067970514297485,0.8198627233505249,unique,not_include,unique
398,0.9383942484855652,0.7829126119613647,unique,not_include,unique
399,0.8938322067260742,0.7918293476104736,unique,not_include,unique
400,0.8709598779678345,0.7967616319656372,unique,not_include,unique
401,0.8791593313217163,0.7704317569732666,unique,not_include,unique
402,0.9577441811561584,0.814179539680481,unique,not_include,unique
403,0.9395523071289062,0.7757816314697266,unique,not_include,unique
404,0.9460194706916809,0.8149368762969971,unique,not_include,unique
405,0.7760947942733765,0.8039098978042603,unique,not_include,unique
406,0.9497758746147156,0.7896283864974976,unique,not_include,unique
407,0.8506858348846436,0.759312093257904,unique,not_include,unique
408,0.896195650100708,0.8008431196212769,unique,not_include,unique
409,0.9171038866043091,0.7899327278137207,unique,not_include,unique
410,0.9057139754295349,0.8085460066795349,unique,not_include,unique
411,0.8776143789291382,0.7720962762832642,unique,not_include,unique
412,0.955719530582428,0.8250470757484436,unique,not_include,unique
413,0.9046143293380737,0.8037830591201782,unique,not_include,unique
414,0.8049188256263733,0.8391319513320923,unique,not_include,unique
415,0.9639478921890259,0.8532701730728149,unique,not_include,unique
416,0.9999999403953552,0.8230706453323364,unique,not_include,unique
417,0.9815733432769775,0.8376306891441345,unique,not_include,unique
418,0.9160730838775635,0.8429057598114014,unique,not_include,unique
419,1.0,0.8493687510490417,unique,not_include,unique
420,0.9325904250144958,0.8509135246276855,unique,not_include,unique
421,0.8074634671211243,0.8364074230194092,unique,not_include,unique
422,0.9341914653778076,0.8308064937591553,unique,not_include,unique
423,0.9295220375061035,0.8031626343727112,unique,not_include,unique
424,0.9642362594604492,0.8368673324584961,unique,not_include,unique
425,0.818050742149353,0.8189047574996948,unique,not_include,unique
426,0.8127806186676025,0.8024883270263672,unique,not_include,unique
427,0.8137984275817871,0.8134740591049194,unique,not_include,unique
428,0.943576455116272,0.7890262603759766,unique,not_include,unique
429,0.7909976243972778,0.7762269973754883,unique,not_include,unique
430,0.8125749826431274,0.7947778701782227,unique,not_include,unique
431,0.9190011024475098,0.8295238614082336,unique,not_include,unique
432,0.8877345323562622,0.8553258776664734,unique,not_include,unique
433,0.9688583612442017,0.8056471347808838,unique,not_include,unique
434,0.9334100484848022,0.8332699537277222,unique,not_include,unique
435,0.940804660320282,0.8485089540481567,unique,not_include,unique
436,0.9860957860946655,0.8089867830276489,unique,not_include,unique
437,0.9414452314376831,0.8035535216331482,unique,not_include,unique
438,0.816626787185669,0.8252044916152954,unique,not_include,unique
439,0.9489279389381409,0.8543341159820557,unique,not_include,unique
440,0.9251070022583008,0.7282707691192627,unique,not_include,unique
441,0.8926247358322144,0.8533344268798828,unique,not_include,unique
442,0.9773123264312744,0.873394250869751,unique,not_include,unique
443,0.9607457518577576,0.8210862874984741,unique,not_include,unique
444,0.9415737986564636,0.8394775390625,unique,not_include,unique
445,0.9831103086471558,0.8314772248268127,unique,not_include,unique
446,0.8796534538269043,0.8389936685562134,unique,not_include,unique
447,0.8703312873840332,0.8311710357666016,unique,not_include,unique
448,0.84698885679245,0.8785189986228943,unique,not_include,unique
449,0.9741849899291992,0.8587164282798767,unique,not_include,unique
450,0.9091334342956543,0.8283526301383972,unique,not_include,unique
451,0.9464412927627563,0.8289062976837158,unique,not_include,unique
452,0.9939612150192261,0.8256803750991821,unique,not_include,unique
453,0.9220837354660034,0.8068353533744812,unique,not_include,unique
454,0.976477861404419,0.7756432294845581,unique,not_include,unique
455,0.7942221164703369,0.8469234704971313,unique,not_include,unique
456,0.9352446794509888,0.815133273601532,unique,not_include,unique
457,0.9655879139900208,0.8096684217453003,unique,not_include,unique
458,0.9753832221031189,0.8303855657577515,unique,not_include,unique
459,0.8898178339004517,0.8161845803260803,unique,not_include,unique
460,0.8766785860061646,0.8407186269760132,unique,not_include,unique
461,0.9268534183502197,0.8006021976470947,unique,not_include,unique
462,0.8621253967285156,0.8576855659484863,unique,not_include,unique
463,0.7213669419288635,0.8080582618713379,unique,not_include,unique
464,0.9249138832092285,0.8077595829963684,unique,not_include,unique
465,0.9728717803955078,0.799909234046936,unique,not_include,unique
466,0.9868932962417603,0.8206551671028137,unique,not_include,unique
467,0.8783509731292725,0.7850929498672485,unique,not_include,unique
468,0.8635179996490479,0.8154031038284302,unique,not_include,unique
469,0.8856890201568604,0.8025103807449341,unique,not_include,unique
470,0.881292462348938,0.8299306035041809,unique,not_include,unique
471,0.9373582601547241,0.8332901000976562,unique,not_include,unique
472,0.8645316362380981,0.8250408172607422,unique,not_include,unique
473,0.9331002235412598,0.8003978729248047,unique,not_include,unique
474,0.9100111722946167,0.8242859244346619,unique,not_include,unique
475,0.8852077126502991,0.8103914260864258,unique,not_include,unique
476,0.9641872048377991,0.8090101480484009,unique,not_include,unique
477,0.9530234336853027,0.82185959815979,unique,not_include,unique
478,0.8147251605987549,0.8159438371658325,unique,not_include,unique
479,0.9533510208129883,0.8058606386184692,unique,not_include,unique
480,0.9160301685333252,0.8292154669761658,unique,not_include,unique
481,0.8701845407485962,0.7719297409057617,unique,not_include,unique
482,0.9002188444137573,0.7627195119857788,unique,not_include,unique
483,0.977142870426178,0.7639877796173096,unique,not_include,unique
484,0.9233161211013794,0.7943117022514343,unique,not_include,unique
485,0.9414880275726318,0.7997419238090515,unique,not_include,unique
486,0.7977794408798218,0.8135527968406677,unique,not_include,unique
487,0.9333808422088623,0.8024933338165283,unique,not_include,unique
488,0.7875570058822632,0.8077908754348755,unique,not_include,unique
489,0.8846086263656616,0.8590329885482788,unique,not_include,unique
490,0.9018467664718628,0.8384926319122314,unique,not_include,unique
491,0.9511726498603821,0.8248516321182251,unique,not_include,unique
492,0.8203449845314026,0.8127046227455139,unique,not_include,unique
493,0.7664182782173157,0.7801640033721924,unique,not_include,unique
494,0.9282567501068115,0.8148550987243652,unique,not_include,unique
495,0.9033038020133972,0.8478113412857056,unique,not_include,unique
496,0.8180112242698669,0.8246673941612244,unique,not_include,unique
497,0.8911488056182861,0.8083189725875854,unique,not_include,unique
498,0.725050151348114,0.7922804355621338,unique,not_include,unique
499,0.8851776123046875,0.7854785919189453,unique,not_include,unique
500,0.811556339263916,0.8080348968505859,unique,not_include,unique
501,0.8467092514038086,0.8191184997558594,unique,not_include,unique
502,0.9312074184417725,0.8203954100608826,unique,not_include,unique
503,0.7826777696609497,0.7960083484649658,unique,not_include,unique
504,0.919963538646698,0.8104225993156433,unique,not_include,unique
505,0.9434283971786499,0.8280888795852661,unique,not_include,unique
506,0.658983588218689,0.7914090156555176,unique,not_include,unique
507,0.8839881420135498,0.8636156320571899,unique,not_include,unique
508,1.0,0.8814751505851746,unique,not_include,unique
509,0.984024167060852,0.8802605867385864,unique,not_include,unique
510,0.8912696242332458,0.8603458404541016,unique,not_include,unique
511,0.9274388551712036,0.8556929230690002,unique,not_include,unique
512,0.8954836130142212,0.8130576610565186,unique,not_include,unique
513,0.8652128577232361,0.8117347359657288,unique,not_include,unique
514,0.8965021371841431,0.8092986345291138,unique,not_include,unique
515,0.8617709875106812,0.8515543937683105,unique,not_include,unique
516,0.903231680393219,0.8490134477615356,unique,not_include,unique
517,0.9133492112159729,0.8431823253631592,unique,not_include,unique
518,0.9354761838912964,0.8256705403327942,unique,not_include,unique
519,0.9052560329437256,0.7651192545890808,unique,not_include,unique
520,0.8765225410461426,0.789952278137207,unique,not_include,unique
521,0.9011994004249573,0.8855786323547363,unique,not_include,unique
522,0.8492705821990967,0.8622403144836426,unique,not_include,unique
523,0.9786524176597595,0.8432762622833252,unique,not_include,unique
524,0.8887554407119751,0.8298646211624146,unique,not_include,unique
525,0.9434522986412048,0.8267416954040527,unique,not_include,unique
526,0.7808502912521362,0.8496518731117249,unique,not_include,unique
527,0.785000741481781,0.8160246014595032,unique,not_include,unique
528,0.8867236971855164,0.8306180238723755,unique,not_include,unique
529,0.8974465131759644,0.8462303876876831,unique,not_include,unique
530,0.9255683422088623,0.8516190052032471,unique,not_include,unique
531,0.8847493529319763,0.8440155386924744,unique,not_include,unique
532,0.9298750162124634,0.8398946523666382,unique,not_include,unique
533,0.8448573350906372,0.834656834602356,unique,not_include,unique
534,0.9511789679527283,0.814953088760376,unique,not_include,unique
535,0.909626305103302,0.8839975595474243,unique,not_include,unique
536,0.811921238899231,0.8503075838088989,unique,not_include,unique
537,0.9741569757461548,0.8487229347229004,unique,not_include,unique
538,0.9245023727416992,0.8351567983627319,unique,not_include,unique
539,0.9080915451049805,0.8175352811813354,unique,not_include,unique
540,0.9524334669113159,0.8338754773139954,unique,not_include,unique
541,0.7431841492652893,0.7505754828453064,unique,not_include,unique
542,0.8217318058013916,0.8510907292366028,unique,not_include,unique
543,0.8951623439788818,0.8358807563781738,unique,not_include,unique
544,0.9031946063041687,0.8448849320411682,unique,not_include,unique
545,0.9299135208129883,0.8389259576797485,unique,not_include,unique
546,0.894453763961792,0.8419957160949707,unique,not_include,unique
547,0.9075941443443298,0.8167198300361633,unique,not_include,unique
548,0.9278112649917603,0.8304412364959717,unique,not_include,unique
549,0.903442919254303,0.8163070678710938,unique,not_include,unique
550,0.9160820245742798,0.7693549394607544,unique,not_include,unique
551,0.9176342487335205,0.8098206520080566,unique,not_include,unique
552,0.9169950485229492,0.8213182687759399,unique,not_include,unique
553,0.819900631904602,0.7784945368766785,unique,not_include,unique
554,0.914702832698822,0.8215094804763794,unique,not_include,unique
555,0.8598339557647705,0.8374249935150146,unique,not_include,unique
556,0.9870764017105103,0.7599289417266846,unique,not_include,unique
557,0.9029158353805542,0.7864915728569031,unique,not_include,unique
558,0.8844732046127319,0.8130741119384766,unique,not_include,unique
559,0.8744138479232788,0.8388406038284302,unique,not_include,unique
560,0.8723654747009277,0.8300020694732666,unique,not_include,unique
561,0.921042799949646,0.8174685835838318,unique,not_include,unique
562,0.8649684190750122,0.8451189994812012,unique,not_include,unique
563,0.8608027696609497,0.8400942087173462,unique,not_include,unique
564,0.8078836798667908,0.8230648040771484,unique,not_include,unique
565,0.8682240843772888,0.8426080942153931,unique,not_include,unique
566,0.8856297731399536,0.842031717300415,unique,not_include,unique
567,0.7946088910102844,0.8208664059638977,unique,not_include,unique
568,0.8541721701622009,0.8495461940765381,unique,not_include,unique
569,0.9258711338043213,0.8117226362228394,unique,not_include,unique
570,0.9644967317581177,0.7951605319976807,unique,not_include,unique
571,0.9599602222442627,0.754478931427002,unique,not_include,unique
572,0.9444375038146973,0.8068426251411438,unique,not_include,unique
573,0.911841630935669,0.8367353677749634,unique,not_include,unique
574,0.9577897787094116,0.8174052238464355,unique,not_include,unique
575,0.8195038437843323,0.8272497653961182,unique,not_include,unique
576,0.9646978378295898,0.807104229927063,unique,not_include,unique
577,0.8775865435600281,0.840988039970398,unique,not_include,unique
578,0.9434993267059326,0.7842100858688354,unique,not_include,unique
579,0.8115779161453247,0.7953144311904907,unique,not_include,unique
580,0.8106671571731567,0.7653301954269409,unique,not_include,unique
581,0.9038848876953125,0.7674527764320374,unique,not_include,unique
582,0.9825999140739441,0.8099888563156128,unique,not_include,unique
583,0.7758877277374268,0.7777763605117798,unique,not_include,unique
584,0.8326532244682312,0.8053780794143677,unique,not_include,unique
585,0.9109354019165039,0.7775141000747681,unique,not_include,unique
586,0.8811325430870056,0.7761570811271667,unique,not_include,unique
587,0.7613199949264526,0.7915695905685425,unique,not_include,unique
588,0.9702976942062378,0.815606951713562,unique,not_include,unique
589,0.9142000079154968,0.8020414113998413,unique,not_include,unique
590,0.9497957229614258,0.777779221534729,unique,not_include,unique
591,0.9305446147918701,0.7725785970687866,unique,not_include,unique
592,0.9656776189804077,0.7748339176177979,unique,not_include,unique
593,0.9431564807891846,0.7878404855728149,unique,not_include,unique
594,0.8246986865997314,0.7994778156280518,unique,not_include,unique
595,0.7905369400978088,0.8020492196083069,unique,not_include,unique
596,0.9234228134155273,0.7830952405929565,unique,not_include,unique
597,0.9223241806030273,0.8087710738182068,unique,not_include,unique
598,0.9296077489852905,0.7889102697372437,unique,not_include,unique
599,0.9208706617355347,0.8088775873184204,unique,not_include,unique
600,0.972525954246521,0.7890631556510925,unique,not_include,unique
601,0.9490521550178528,0.7950178384780884,unique,not_include,unique
602,0.8946182727813721,0.7718250751495361,unique,not_include,unique
603,0.9345341920852661,0.8040711283683777,unique,not_include,unique
604,0.9004243612289429,0.7909872531890869,unique,not_include,unique
605,0.8515657186508179,0.8154942989349365,unique,not_include,unique
606,0.9168175458908081,0.7514138221740723,unique,not_include,unique
607,0.7668705582618713,0.7979022264480591,unique,not_include,unique
608,0.8283953666687012,0.7507075667381287,unique,not_include,unique
609,0.7683764100074768,0.7495867013931274,unique,not_include,unique
610,0.8413175344467163,0.7928075790405273,unique,not_include,unique
611,0.9109183549880981,0.7801313996315002,unique,not_include,unique
612,0.99167799949646,0.8072795867919922,unique,not_include,unique
613,0.8790229558944702,0.7972465753555298,unique,not_include,unique
614,0.8820233345031738,0.7667140960693359,unique,not_include,unique
615,0.9300559759140015,0.7772009372711182,unique,not_include,unique
616,0.9507287740707397,0.7638031840324402,unique,not_include,unique
617,0.942263126373291,0.7681704759597778,unique,not_include,unique
618,0.9217060804367065,0.8400410413742065,unique,not_include,unique
619,0.8252530097961426,0.7549973726272583,unique,not_include,unique
620,0.7448705434799194,0.7952312231063843,unique,not_include,unique
621,0.7489098906517029,0.7538790702819824,unique,not_include,unique
622,0.9124035835266113,0.7338555455207825,unique,not_include,unique
623,0.815909743309021,0.74965500831604,unique,not_include,unique
624,0.9596171379089355,0.7593294382095337,unique,not_include,unique
625,0.9509788751602173,0.8111481666564941,unique,not_include,unique
626,0.8789894580841064,0.815315842628479,unique,not_include,unique
627,0.7836991548538208,0.835883378982544,unique,not_include,unique
628,0.9155580997467041,0.8139503598213196,unique,not_include,unique
629,0.8605139255523682,0.7363119125366211,unique,not_include,unique
630,0.9302899241447449,0.8365206122398376,unique,not_include,unique
631,0.9220575094223022,0.7345930933952332,unique,not_include,unique
632,0.7193343043327332,0.8078938722610474,unique,not_include,unique
633,0.9509943723678589,0.8639455437660217,unique,not_include,unique
634,0.9321689605712891,0.8651729822158813,unique,not_include,unique
635,0.9414334297180176,0.8325362205505371,unique,not_include,unique
636,0.7950772047042847,0.8347668647766113,unique,not_include,unique
637,0.8203240633010864,0.8352934122085571,unique,not_include,unique
638,0.8861277103424072,0.8005477786064148,unique,not_include,unique
639,0.8750336766242981,0.8584657907485962,unique,not_include,unique
640,0.7956175804138184,0.7823748588562012,unique,not_include,unique
641,0.8457527756690979,0.8072264194488525,unique,not_include,unique
642,0.8423796892166138,0.8328548669815063,unique,not_include,unique
643,0.9642587900161743,0.814556360244751,unique,not_include,unique
644,0.881584882736206,0.826776385307312,unique,not_include,unique
645,0.8993939161300659,0.8332541584968567,unique,not_include,unique
646,0.9084085822105408,0.8456916809082031,unique,not_include,unique
647,0.9315394759178162,0.7711499929428101,unique,not_include,unique
648,0.9211977124214172,0.8294793367385864,unique,not_include,unique
649,0.8779040575027466,0.8089030981063843,unique,not_include,unique
650,0.9174810647964478,0.8179218173027039,unique,not_include,unique
651,0.9115486145019531,0.8311872482299805,unique,not_include,unique
652,0.9293246269226074,0.8134092688560486,unique,not_include,unique
653,0.9206053614616394,0.8254269361495972,unique,not_include,unique
654,0.8367058634757996,0.8221935033798218,unique,not_include,unique
655,0.891664981842041,0.8041554093360901,unique,not_include,unique
656,0.9162808656692505,0.8653438091278076,unique,not_include,unique
657,0.7960827946662903,0.8440141677856445,unique,not_include,unique
658,0.8286882638931274,0.8433239459991455,unique,not_include,unique
659,0.9083420038223267,0.8252133131027222,unique,not_include,unique
660,0.8061763644218445,0.843002200126648,unique,not_include,unique
661,0.8598372936248779,0.8215720653533936,unique,not_include,unique
662,0.9162983894348145,0.7940372824668884,unique,not_include,unique
663,0.8931794166564941,0.8229923844337463,unique,not_include,unique
664,0.8088672161102295,0.8111974596977234,unique,not_include,unique
665,0.9412015676498413,0.8260760307312012,unique,not_include,unique
666,0.8893010020256042,0.8324437141418457,unique,not_include,unique
667,0.9076275825500488,0.7717679738998413,unique,not_include,unique
668,0.9524058103561401,0.751025915145874,unique,not_include,unique
669,0.8906131982803345,0.8012287020683289,unique,not_include,unique
670,0.9335808753967285,0.750022292137146,unique,not_include,unique
671,0.8950760364532471,0.7746791839599609,unique,not_include,unique
672,0.72331702709198,0.7535704374313354,unique,not_include,unique
673,0.9322425723075867,0.7561082243919373,unique,not_include,unique
674,0.9438478350639343,0.7553812265396118,unique,not_include,unique
675,0.833835780620575,0.8401139378547668,unique,not_include,unique
676,0.9431908130645752,0.7611367702484131,unique,not_include,unique
677,0.9081817865371704,0.787794291973114,unique,not_include,unique
678,0.8739566206932068,0.7682092785835266,unique,not_include,unique
679,0.945827841758728,0.7452629208564758,unique,not_include,unique
680,0.8350000381469727,0.7379502058029175,unique,not_include,unique
681,0.8937329649925232,0.8203042149543762,unique,not_include,unique
682,0.80446457862854,0.8046603798866272,unique,not_include,unique
683,0.7902252674102783,0.7815357446670532,unique,not_include,unique
684,0.8895413875579834,0.7978688478469849,unique,not_include,unique
685,0.7244200706481934,0.796457827091217,unique,not_include,unique
686,0.834713339805603,0.8352793455123901,unique,not_include,unique
687,0.932853102684021,0.7733503580093384,unique,not_include,unique
688,0.9438880085945129,0.7544726133346558,unique,not_include,unique
689,0.7750328779220581,0.7726695537567139,unique,not_include,unique
690,0.9090597629547119,0.787479043006897,unique,not_include,unique
691,0.808875560760498,0.773904025554657,unique,not_include,unique
692,0.9246351718902588,0.8090088367462158,unique,not_include,unique
693,0.9661380648612976,0.7304850816726685,unique,not_include,unique
694,0.7823120355606079,0.785327672958374,unique,not_include,unique
695,0.9417739510536194,0.8610659837722778,unique,not_include,unique
696,0.9257183074951172,0.8704071044921875,unique,not_include,unique
697,0.8083056807518005,0.8805994987487793,unique,not_include,unique
698,0.8695875406265259,0.8320934772491455,unique,not_include,unique
699,0.8005838394165039,0.8490492105484009,unique,not_include,unique
700,0.8247185349464417,0.7678465247154236,unique,not_include,unique
701,0.9324584603309631,0.8353365659713745,unique,not_include,unique
702,0.8924407958984375,0.8426826000213623,unique,not_include,unique
703,0.8753081560134888,0.8386518359184265,unique,not_include,unique
704,0.8846451044082642,0.8263118267059326,unique,not_include,unique
705,0.9151372313499451,0.8205620050430298,unique,not_include,unique
706,0.9444012641906738,0.7818523645401001,unique,not_include,unique
707,0.8494143486022949,0.8402541875839233,unique,not_include,unique
708,0.8489056825637817,0.7503972053527832,unique,not_include,unique
709,0.9876126050949097,0.7811398506164551,unique,not_include,unique
710,0.882021963596344,0.776360034942627,unique,not_include,unique
711,0.8996940851211548,0.7528160214424133,unique,not_include,unique
712,0.897433876991272,0.8414877653121948,unique,not_include,unique
713,0.8324329257011414,0.8333867788314819,unique,not_include,unique
714,0.8531175255775452,0.8554205894470215,unique,not_include,unique
715,0.8969634771347046,0.8452523946762085,unique,not_include,unique
716,0.8886196613311768,0.8235820531845093,unique,not_include,unique
717,0.8669553995132446,0.836484432220459,unique,not_include,unique
718,0.7872869968414307,0.8263686895370483,unique,not_include,unique
719,0.8416513204574585,0.796332836151123,unique,not_include,unique
720,0.9314960241317749,0.8500789999961853,unique,not_include,unique
721,0.8440432548522949,0.8471819162368774,unique,not_include,unique
722,0.8377816081047058,0.8713697195053101,unique,not_include,unique
723,0.8397681713104248,0.8102270364761353,unique,not_include,unique
724,0.8832261562347412,0.8137259483337402,unique,not_include,unique
725,0.9419662356376648,0.8695513606071472,unique,not_include,unique
726,0.8712137937545776,0.8302512168884277,unique,not_include,unique
727,0.9011691212654114,0.8393473625183105,unique,not_include,unique
728,0.9297717809677124,0.853754460811615,unique,not_include,unique
729,0.9055643081665039,0.8431713581085205,unique,not_include,unique
730,0.8625274896621704,0.8243889808654785,unique,not_include,unique
731,0.8408900499343872,0.7588761448860168,unique,not_include,unique
732,0.8963381052017212,0.8456814289093018,unique,not_include,unique
733,0.9117688536643982,0.8488429188728333,unique,not_include,unique
734,1.0000001192092896,0.8781567811965942,unique,not_include,unique
735,0.7560316324234009,0.7843941450119019,unique,not_include,unique
736,0.8841183185577393,0.8371627926826477,unique,not_include,unique
737,0.908703625202179,0.7689186334609985,unique,not_include,unique
738,0.8844106197357178,0.7784562110900879,unique,not_include,unique
739,0.9224280118942261,0.8444627523422241,unique,not_include,unique
740,0.9149170517921448,0.8245827555656433,unique,not_include,unique
741,0.8811770677566528,0.7652588486671448,unique,not_include,unique
742,0.9864102005958557,0.8129843473434448,unique,not_include,unique
743,0.8406540751457214,0.8317936658859253,unique,not_include,unique
744,0.9404299259185791,0.8385016918182373,unique,not_include,unique
745,0.7288956642150879,0.8112456798553467,unique,not_include,unique
746,0.8695767521858215,0.8186675310134888,unique,not_include,unique
747,0.9139996767044067,0.7554081678390503,unique,not_include,unique
748,0.9752568602561951,0.8549761772155762,unique,not_include,unique
749,0.9213801026344299,0.8221595287322998,unique,not_include,unique
750,0.9321432113647461,0.8135738968849182,unique,not_include,unique
751,0.9311771988868713,0.7745312452316284,unique,not_include,unique
752,0.8950328826904297,0.8325823545455933,unique,not_include,unique
753,0.9330250024795532,0.8432358503341675,unique,not_include,unique
754,0.9045027494430542,0.7571746110916138,unique,not_include,unique
755,0.9509114623069763,0.8142406940460205,unique,not_include,unique
756,0.8485938310623169,0.753628134727478,unique,not_include,unique
757,0.9142926931381226,0.8176075220108032,unique,not_include,unique
758,0.8779117465019226,0.8295475840568542,unique,not_include,unique
759,0.9347132444381714,0.7687710523605347,unique,not_include,unique
760,0.9058424830436707,0.7826176881790161,unique,not_include,unique
761,0.8983941078186035,0.7872719764709473,unique,not_include,unique
762,0.9431850910186768,0.8499536514282227,unique,not_include,unique
763,0.9598540663719177,0.82756507396698,unique,not_include,unique
764,0.7870054244995117,0.7905691862106323,unique,not_include,unique
765,0.9073782563209534,0.8288394212722778,unique,not_include,unique
766,0.8712500929832458,0.7735353112220764,unique,not_include,unique
767,0.9022833108901978,0.7782682180404663,unique,not_include,unique
768,0.7698142528533936,0.7658330202102661,unique,not_include,unique
769,0.9252798557281494,0.7910900712013245,unique,not_include,unique
770,0.8344528675079346,0.7791805267333984,unique,not_include,unique
771,0.8040177226066589,0.7831525206565857,unique,not_include,unique
772,0.8883892893791199,0.810853123664856,unique,not_include,unique
773,0.8789383769035339,0.7521936893463135,unique,not_include,unique
774,0.9047418832778931,0.824175238609314,unique,not_include,unique
775,0.7492929697036743,0.7730891704559326,unique,not_include,unique
776,0.9451844692230225,0.8193680047988892,unique,not_include,unique
777,0.8896106481552124,0.8220310211181641,unique,not_include,unique
778,0.902751624584198,0.7963423728942871,unique,not_include,unique
779,0.8464101552963257,0.8302809596061707,unique,not_include,unique
780,0.8232327103614807,0.7582435607910156,unique,not_include,unique
781,0.8932894468307495,0.768778920173645,unique,not_include,unique
782,0.8575762510299683,0.7832302451133728,unique,not_include,unique
783,0.9053710103034973,0.8068783283233643,unique,not_include,unique
784,0.9186280965805054,0.8184740543365479,unique,not_include,unique
785,0.8912398815155029,0.8116597533226013,unique,not_include,unique
786,0.9005391597747803,0.7836685180664062,unique,not_include,unique
787,0.8479716777801514,0.7217387557029724,unique,not_include,unique
788,0.9339438676834106,0.8309829235076904,unique,not_include,unique
789,0.9523199796676636,0.8450045585632324,unique,not_include,unique
790,0.8806198835372925,0.8024417757987976,unique,not_include,unique
791,0.8139868974685669,0.8293651342391968,unique,not_include,unique
792,0.7206547856330872,0.7758779525756836,unique,not_include,unique
793,0.8957360982894897,0.7920272350311279,unique,not_include,unique
794,0.8494607210159302,0.845604658126831,unique,not_include,unique
795,0.9276795387268066,0.8576744794845581,unique,not_include,unique
796,0.7287353873252869,0.8222768306732178,unique,not_include,unique
797,0.9180641770362854,0.8432867527008057,unique,not_include,unique
798,0.809119462966919,0.7820125818252563,unique,not_include,unique
799,0.8552678823471069,0.8076592683792114,unique,not_include,unique
800,0.9405492544174194,0.805118203163147,unique,not_include,unique
801,0.8795065879821777,0.8046599626541138,unique,not_include,unique
802,0.7962096929550171,0.8066819906234741,unique,not_include,unique
803,0.8937139511108398,0.805635929107666,unique,not_include,unique
804,0.8971432447433472,0.8033136129379272,unique,not_include,unique
805,0.9132173657417297,0.8463054299354553,unique,not_include,unique
806,0.9396135210990906,0.8408399224281311,unique,not_include,unique
807,0.7674790620803833,0.8091710805892944,unique,not_include,unique
808,0.9313432574272156,0.8233147263526917,unique,not_include,unique
809,0.9177919626235962,0.7850245237350464,unique,not_include,unique
810,0.8074015378952026,0.8253871202468872,unique,not_include,unique
811,0.8333643674850464,0.8191242218017578,unique,not_include,unique
812,0.9308173656463623,0.7835447788238525,unique,not_include,unique
813,0.8337686657905579,0.8247491121292114,unique,not_include,unique
814,0.8141287565231323,0.7775468826293945,unique,not_include,unique
815,0.9095549583435059,0.8125994205474854,unique,not_include,unique
816,0.8853423595428467,0.8227788805961609,unique,not_include,unique
817,0.9138503074645996,0.8186875581741333,unique,not_include,unique
818,0.9140000343322754,0.8309687376022339,unique,not_include,unique
819,0.8874951004981995,0.8032628297805786,unique,not_include,unique
820,0.9376422762870789,0.861696720123291,unique,not_include,unique
821,0.8269644975662231,0.855225145816803,unique,not_include,unique
822,0.7832299470901489,0.8120813965797424,unique,not_include,unique
823,0.7949515581130981,0.8028075695037842,unique,not_include,unique
824,0.8141999244689941,0.8103072047233582,unique,not_include,unique
825,0.9154987335205078,0.8175603151321411,unique,not_include,unique
826,0.8744867444038391,0.8347578048706055,unique,not_include,unique
827,0.9425630569458008,0.804939329624176,unique,not_include,unique
828,0.8034934401512146,0.7973074316978455,unique,not_include,unique
829,0.8580424785614014,0.8096855282783508,unique,not_include,unique
830,0.7893195152282715,0.7896624803543091,unique,not_include,unique
831,0.9436784982681274,0.8206249475479126,unique,not_include,unique
832,0.9082885980606079,0.815273642539978,unique,not_include,unique
833,0.8330838084220886,0.817215621471405,unique,not_include,unique
834,0.945905327796936,0.7948564291000366,unique,not_include,unique
835,0.9659318923950195,0.7883690595626831,unique,not_include,unique
836,0.9751478433609009,0.7912842631340027,unique,not_include,unique
837,0.7917611598968506,0.7784833312034607,unique,not_include,unique
838,0.9484115839004517,0.7827403545379639,unique,not_include,unique
839,0.8062201738357544,0.8726472854614258,unique,not_include,unique
840,0.7457830309867859,0.8429250717163086,unique,not_include,unique
841,0.8657299280166626,0.8141046762466431,unique,not_include,unique
842,0.8597157597541809,0.8039740324020386,unique,not_include,unique
843,0.8438550233840942,0.8352130651473999,unique,not_include,unique
844,0.9484919309616089,0.803968071937561,unique,not_include,unique
845,0.9014562964439392,0.8173373937606812,unique,not_include,unique
846,0.870471715927124,0.8001692295074463,unique,not_include,unique
847,0.7678070068359375,0.8031142950057983,unique,not_include,unique
848,0.7409442663192749,0.7754716873168945,unique,not_include,unique
849,0.8023107051849365,0.8108323812484741,unique,not_include,unique
850,0.9174535274505615,0.8030572533607483,unique,not_include,unique
851,0.9457130432128906,0.8178161382675171,unique,not_include,unique
852,0.8969440460205078,0.8314452767372131,unique,not_include,unique
853,0.9118021726608276,0.8291038870811462,unique,not_include,unique
854,0.9327608346939087,0.8232835531234741,unique,not_include,unique
855,0.8870139122009277,0.8413149118423462,unique,not_include,unique
856,0.9326971769332886,0.7854339480400085,unique,not_include,unique
857,0.9702854156494141,0.7984561324119568,unique,not_include,unique
858,0.7681453824043274,0.792732834815979,unique,not_include,unique
859,0.909600555896759,0.7704175114631653,unique,not_include,unique
860,0.9188485145568848,0.8408238291740417,unique,not_include,unique
861,0.8946881294250488,0.8252955675125122,unique,not_include,unique
862,0.9147288799285889,0.8106462955474854,unique,not_include,unique
863,0.7619544267654419,0.7959012389183044,unique,not_include,unique
864,0.9091808795928955,0.773493230342865,unique,not_include,unique
865,0.9457616806030273,0.8374527096748352,unique,not_include,unique
866,0.8008225560188293,0.7997668981552124,unique,not_include,unique
867,0.8997215628623962,0.80757075548172,unique,not_include,unique
868,0.9585962295532227,0.8337497711181641,unique,not_include,unique
869,0.9099075198173523,0.8060316443443298,unique,not_include,unique
870,0.7693284153938293,0.805696964263916,unique,not_include,unique
871,0.8827024698257446,0.8488450050354004,unique,not_include,unique
872,0.9429618120193481,0.8144043684005737,unique,not_include,unique
873,0.8496496677398682,0.8110435605049133,unique,not_include,unique
874,0.9511115550994873,0.7976258397102356,unique,not_include,unique
875,0.788669764995575,0.7695667147636414,unique,not_include,unique
876,0.8842085003852844,0.7885280847549438,unique,not_include,unique
877,0.9454872608184814,0.7879045009613037,unique,not_include,unique
878,0.9001337289810181,0.7857428193092346,unique,not_include,unique
879,0.8645573258399963,0.8245278596878052,unique,not_include,unique
880,0.9086172580718994,0.7949073314666748,unique,not_include,unique
881,0.9314596652984619,0.8066978454589844,unique,not_include,unique
882,0.882210373878479,0.8227788209915161,unique,not_include,unique
883,0.9873408675193787,0.8708345293998718,unique,not_include,unique
884,0.9457753300666809,0.8684859275817871,unique,not_include,unique
885,0.9507089853286743,0.8896905183792114,unique,not_include,unique
886,0.833590030670166,0.8243581056594849,unique,not_include,unique
887,0.8507430553436279,0.8169273138046265,unique,not_include,unique
888,0.8431097269058228,0.8215701580047607,unique,not_include,unique
889,0.9091218113899231,0.8322019577026367,unique,not_include,unique
890,0.8987425565719604,0.8033499717712402,unique,not_include,unique
891,0.8439857959747314,0.8501805663108826,unique,not_include,unique
892,0.8716545104980469,0.8211222887039185,unique,not_include,unique
893,0.8969494700431824,0.8438389897346497,unique,not_include,unique
894,0.8856901526451111,0.7997706532478333,unique,not_include,unique
895,0.866223931312561,0.8252565860748291,unique,not_include,unique
896,0.8517159223556519,0.8637630939483643,unique,not_include,unique
897,0.8379677534103394,0.822499692440033,unique,not_include,unique
898,0.9428291916847229,0.8567670583724976,unique,not_include,unique
899,0.8135139346122742,0.8497083783149719,unique,not_include,unique
900,0.8433375358581543,0.8421443700790405,unique,not_include,unique
901,0.8231009244918823,0.8732895851135254,unique,not_include,unique
902,0.7753793597221375,0.7946196794509888,unique,not_include,unique
903,0.7521577477455139,0.8271998167037964,unique,not_include,unique
904,0.8860715627670288,0.8451040983200073,unique,not_include,unique
905,0.9192702770233154,0.8197894096374512,unique,not_include,unique
906,0.8501309752464294,0.8277480006217957,unique,not_include,unique
907,0.7559853196144104,0.8089526891708374,unique,not_include,unique
908,0.8099988102912903,0.7845662832260132,unique,not_include,unique
909,0.7930697202682495,0.8330515623092651,unique,not_include,unique
910,0.9246774911880493,0.871522068977356,unique,not_include,unique
911,0.9514960050582886,0.8767706155776978,unique,not_include,unique
912,0.9480836391448975,0.8692217469215393,unique,not_include,unique
913,0.9603115320205688,0.8401159048080444,unique,not_include,unique
914,0.8913571238517761,0.7837738394737244,unique,not_include,unique
915,0.8700828552246094,0.8359153270721436,unique,not_include,unique
916,0.8938835263252258,0.8113307952880859,unique,not_include,unique
917,0.8762305974960327,0.8242965936660767,unique,not_include,unique
918,0.875178873538971,0.7938072681427002,unique,not_include,unique
919,0.9127961993217468,0.8058035969734192,unique,not_include,unique
920,0.758842945098877,0.8318636417388916,unique,not_include,unique
921,0.758907675743103,0.8123438358306885,unique,not_include,unique
922,0.9232215881347656,0.7778701186180115,unique,not_include,unique
923,0.947655975818634,0.8388703465461731,unique,not_include,unique
924,0.9202889204025269,0.8184643983840942,unique,not_include,unique
925,0.8959580659866333,0.815132737159729,unique,not_include,unique
926,0.947379469871521,0.8062694668769836,unique,not_include,unique
927,0.7978594303131104,0.8004193305969238,unique,not_include,unique
928,0.8767638206481934,0.824244499206543,unique,not_include,unique
929,0.8890059590339661,0.7888169288635254,unique,not_include,unique
930,0.9267624020576477,0.8311596512794495,unique,not_include,unique
931,0.8942502737045288,0.7722082138061523,unique,not_include,unique
932,0.8969129323959351,0.7916330099105835,unique,not_include,unique
933,0.7830674648284912,0.7636302709579468,unique,not_include,unique
934,0.7417181730270386,0.7924730777740479,unique,not_include,unique
935,0.8854398727416992,0.8459447622299194,unique,not_include,unique
936,0.7895920276641846,0.7827078104019165,unique,not_include,unique
937,0.8492404818534851,0.8065283894538879,unique,not_include,unique
938,0.8020005226135254,0.780269205570221,unique,not_include,unique
939,0.9365464448928833,0.7335867881774902,unique,not_include,unique
940,0.8563827276229858,0.8245313167572021,unique,not_include,unique
941,0.9493907690048218,0.8284960985183716,unique,not_include,unique
942,0.9166667461395264,0.7922265529632568,unique,not_include,unique
943,0.8626343011856079,0.8043832778930664,unique,not_include,unique
944,0.9433668851852417,0.75369793176651,unique,not_include,unique
945,0.9544597268104553,0.8399699926376343,unique,not_include,unique
946,0.8870501518249512,0.836949348449707,unique,not_include,unique
947,0.905689537525177,0.8221526145935059,unique,not_include,unique
948,0.9463307857513428,0.8201298713684082,unique,not_include,unique
949,0.957338273525238,0.8096209764480591,unique,not_include,unique
950,0.9339879751205444,0.8192473649978638,unique,not_include,unique
951,0.9115082025527954,0.812035083770752,unique,not_include,unique
952,0.947996973991394,0.83600914478302,unique,not_include,unique
953,0.7428719401359558,0.7913899421691895,unique,not_include,unique
954,0.8252885937690735,0.8309273719787598,unique,not_include,unique
955,0.8917399644851685,0.8123569488525391,unique,not_include,unique
956,0.914973795413971,0.8025287985801697,unique,not_include,unique
957,0.8251593112945557,0.8450593948364258,unique,not_include,unique
958,0.8865322470664978,0.7867341041564941,unique,not_include,unique
959,0.9444097876548767,0.8162800669670105,unique,not_include,unique
960,0.9198235273361206,0.8185572624206543,unique,not_include,unique
961,0.7701461911201477,0.7855650186538696,unique,not_include,unique
962,0.942903459072113,0.8007158637046814,unique,not_include,unique
963,0.955407977104187,0.7978572249412537,unique,not_include,unique
964,0.9399433732032776,0.8140738010406494,unique,not_include,unique
965,0.9147132635116577,0.7727544903755188,unique,not_include,unique
966,0.9163999557495117,0.8261786699295044,unique,not_include,unique
967,0.9049605131149292,0.7995114326477051,unique,not_include,unique
968,0.9189717769622803,0.8198570013046265,unique,not_include,unique
969,0.8678538799285889,0.8451166152954102,unique,not_include,unique
970,0.9280332922935486,0.8173052072525024,unique,not_include,unique
971,0.9878162145614624,0.8188326358795166,unique,not_include,unique
972,0.990842342376709,0.8574414253234863,unique,not_include,unique
973,0.9477020502090454,0.8153135776519775,unique,not_include,unique
974,0.9470703601837158,0.7768123745918274,unique,not_include,unique
975,0.8624730110168457,0.8420225977897644,unique,not_include,unique
976,0.899052619934082,0.7944037914276123,unique,not_include,unique
977,0.8571618795394897,0.8299495577812195,unique,not_include,unique
978,0.8942413330078125,0.848008394241333,unique,not_include,unique
979,0.9587414860725403,0.8751709461212158,unique,not_include,unique
